{"cameraMode":{"drawMode":0,"name":"Shaded","section":"Shading Mode"},"sceneLighting":false,"audioPlay":false,"sceneViewState":{"m_AlwaysRefresh":true,"showFog":true,"showSkybox":false,"showFlares":true,"showImageEffects":true,"showParticleSystems":true,"showVisualEffectGraphs":true,"m_FxEnabled":true},"in2DMode":false,"pivot":{"x":1078.3692626953125,"y":588.2509155273438,"z":55.05548095703125},"rotation":{"x":0.0974871963262558,"y":-0.018700584769248964,"z":0.0006446792394854128,"w":0.9964731931686401},"size":515.9081420898438,"orthographic":false}