{"cameraMode":{"drawMode":0,"name":"Shaded","section":"Shading Mode"},"sceneLighting":false,"audioPlay":false,"sceneViewState":{"m_AlwaysRefresh":true,"showFog":true,"showSkybox":false,"showFlares":true,"showImageEffects":true,"showParticleSystems":true,"showVisualEffectGraphs":true,"m_FxEnabled":true},"in2DMode":false,"pivot":{"x":2.1999998092651369,"y":0.9999990463256836,"z":26.43000030517578},"rotation":{"x":-0.003088108031079173,"y":0.7820653319358826,"z":-0.6245047450065613,"w":-0.010570567101240158},"size":5.213530540466309,"orthographic":false}