{"cameraMode":{"drawMode":0,"name":"Shaded","section":"Shading Mode"},"sceneLighting":false,"audioPlay":false,"sceneViewState":{"m_AlwaysRefresh":true,"showFog":true,"showSkybox":false,"showFlares":true,"showImageEffects":true,"showParticleSystems":true,"showVisualEffectGraphs":true,"m_FxEnabled":true},"in2DMode":false,"pivot":{"x":2.1999998092651369,"y":0.9999990463256836,"z":26.43000030517578},"rotation":{"x":0.10974250733852387,"y":0.6795861721038818,"z":-0.09773898869752884,"w":0.7199395895004273},"size":5.213530540466309,"orthographic":false}