{"cameraMode":{"drawMode":0,"name":"Shaded","section":"Shading Mode"},"sceneLighting":false,"audioPlay":false,"sceneViewState":{"m_AlwaysRefresh":true,"showFog":true,"showSkybox":false,"showFlares":true,"showImageEffects":true,"showParticleSystems":true,"showVisualEffectGraphs":true,"m_FxEnabled":true},"in2DMode":false,"pivot":{"x":965.0979614257813,"y":505.64886474609377,"z":-17.319808959960939},"rotation":{"x":-0.07502635568380356,"y":0.9260038733482361,"z":-0.21513761579990388,"w":-0.30575379729270937},"size":141.2928466796875,"orthographic":false}