{"cameraMode":{"drawMode":0,"name":"Shaded","section":"Shading Mode"},"sceneLighting":false,"audioPlay":false,"sceneViewState":{"m_AlwaysRefresh":true,"showFog":true,"showSkybox":false,"showFlares":true,"showImageEffects":true,"showParticleSystems":true,"showVisualEffectGraphs":true,"m_FxEnabled":true},"in2DMode":false,"pivot":{"x":1237.1763916015625,"y":760.4031372070313,"z":101.2491455078125},"rotation":{"x":0.00011861509847221896,"y":-0.03453099727630615,"z":0.0034219759982079269,"w":-1.0008387565612794},"size":325.74407958984377,"orthographic":false}