{"cameraMode":{"drawMode":0,"name":"Shaded","section":"Shading Mode"},"sceneLighting":true,"audioPlay":false,"sceneViewState":{"m_AlwaysRefresh":true,"showFog":true,"showSkybox":true,"showFlares":true,"showImageEffects":true,"showParticleSystems":true,"showVisualEffectGraphs":true,"m_FxEnabled":true},"in2DMode":false,"pivot":{"x":369.5726013183594,"y":49.400482177734378,"z":21.704010009765626},"rotation":{"x":-0.0899738296866417,"y":-0.010498750023543835,"z":0.003843146376311779,"w":-0.997379720211029},"size":353.6825866699219,"orthographic":false}