{"cameraMode":{"drawMode":0,"name":"Shaded","section":"Shading Mode"},"sceneLighting":true,"audioPlay":false,"sceneViewState":{"m_AlwaysRefresh":true,"showFog":true,"showSkybox":true,"showFlares":true,"showImageEffects":true,"showParticleSystems":true,"showVisualEffectGraphs":true,"m_FxEnabled":true},"in2DMode":false,"pivot":{"x":443.41949462890627,"y":340.0647277832031,"z":557.8967895507813},"rotation":{"x":0.6008982062339783,"y":0.06409846991300583,"z":-0.05348837748169899,"w":0.7967814207077026},"size":2.5455994606018068,"orthographic":false}