{"cameraMode":{"drawMode":0,"name":"Shaded","section":"Shading Mode"},"sceneLighting":true,"audioPlay":false,"sceneViewState":{"m_AlwaysRefresh":true,"showFog":true,"showSkybox":true,"showFlares":true,"showImageEffects":true,"showParticleSystems":true,"showVisualEffectGraphs":true,"m_FxEnabled":true},"in2DMode":false,"pivot":{"x":-53.97488021850586,"y":198.41427612304688,"z":76.20046997070313},"rotation":{"x":-0.024947304278612138,"y":0.8717092275619507,"z":-0.4882110059261322,"w":-0.052709415555000308},"size":0.8660253882408142,"orthographic":false}