{"cameraMode":{"drawMode":0,"name":"Shaded","section":"Shading Mode"},"sceneLighting":true,"audioPlay":false,"sceneViewState":{"m_AlwaysRefresh":true,"showFog":true,"showSkybox":true,"showFlares":true,"showImageEffects":true,"showParticleSystems":true,"showVisualEffectGraphs":true,"m_FxEnabled":true},"in2DMode":false,"pivot":{"x":169.22012329101563,"y":410.68121337890627,"z":-287.03582763671877},"rotation":{"x":-0.13998392224311829,"y":0.3772270977497101,"z":0.056970734149217609,"w":0.9152369499206543},"size":416.4892883300781,"orthographic":false}