{"cameraMode":{"drawMode":0,"name":"Shaded","section":"Shading Mode"},"sceneLighting":true,"audioPlay":false,"sceneViewState":{"m_AlwaysRefresh":true,"showFog":true,"showSkybox":true,"showFlares":true,"showImageEffects":true,"showParticleSystems":true,"showVisualEffectGraphs":true,"m_FxEnabled":true},"in2DMode":false,"pivot":{"x":-30.329376220703126,"y":-52.20189666748047,"z":8.828736305236817},"rotation":{"x":0.12074477225542069,"y":-0.8116414546966553,"z":0.5419006943702698,"w":0.18642336130142213},"size":39.138572692871097,"orthographic":false}