{"cameraMode":{"drawMode":0,"name":"Shaded","section":"Shading Mode"},"sceneLighting":true,"audioPlay":false,"sceneViewState":{"m_AlwaysRefresh":true,"showFog":true,"showSkybox":true,"showFlares":true,"showImageEffects":true,"showParticleSystems":true,"showVisualEffectGraphs":true,"m_FxEnabled":true},"in2DMode":false,"pivot":{"x":316.0811462402344,"y":262.36199951171877,"z":391.4643249511719},"rotation":{"x":0.027100475504994394,"y":-0.957287609577179,"z":0.08116904646158219,"w":0.28137144446372988},"size":113.3805923461914,"orthographic":false}