{"cameraMode":{"drawMode":0,"name":"Shaded","section":"Shading Mode"},"sceneLighting":true,"audioPlay":false,"sceneViewState":{"m_AlwaysRefresh":true,"showFog":true,"showSkybox":true,"showFlares":true,"showImageEffects":true,"showParticleSystems":true,"showVisualEffectGraphs":true,"m_FxEnabled":true},"in2DMode":false,"pivot":{"x":173.09481811523438,"y":119.2093276977539,"z":-55.645172119140628},"rotation":{"x":0.43455374240875246,"y":0.05994165688753128,"z":-0.026953695341944696,"w":0.8993170857429504},"size":92.91949462890625,"orthographic":false}