{"cameraMode":{"drawMode":0,"name":"Shaded","section":"Shading Mode"},"sceneLighting":true,"audioPlay":false,"sceneViewState":{"m_AlwaysRefresh":true,"showFog":true,"showSkybox":true,"showFlares":true,"showImageEffects":true,"showParticleSystems":true,"showVisualEffectGraphs":true,"m_FxEnabled":true},"in2DMode":false,"pivot":{"x":-38.40956497192383,"y":-0.045366525650024417,"z":30.509929656982423},"rotation":{"x":-0.009426952339708805,"y":-0.789275050163269,"z":0.6163572669029236,"w":-0.01180600468069315},"size":16.344953536987306,"orthographic":false}