{"cameraMode":{"drawMode":0,"name":"Shaded","section":"Shading Mode"},"sceneLighting":true,"audioPlay":false,"sceneViewState":{"m_AlwaysRefresh":true,"showFog":true,"showSkybox":true,"showFlares":true,"showImageEffects":true,"showParticleSystems":true,"showVisualEffectGraphs":true,"m_FxEnabled":true},"in2DMode":false,"pivot":{"x":138.56405639648438,"y":7.199267864227295,"z":14120.4189453125},"rotation":{"x":0.14718714356422425,"y":0.19033567607402802,"z":-0.02680935338139534,"w":0.9713239073753357},"size":15.555389404296875,"orthographic":false}