{"cameraMode":{"drawMode":0,"name":"Shaded","section":"Shading Mode"},"sceneLighting":true,"audioPlay":false,"sceneViewState":{"m_AlwaysRefresh":true,"showFog":true,"showSkybox":true,"showFlares":true,"showImageEffects":true,"showParticleSystems":true,"showVisualEffectGraphs":true,"m_FxEnabled":true},"in2DMode":false,"pivot":{"x":-59.84672927856445,"y":3.3924102783203127,"z":57.960140228271487},"rotation":{"x":0.005060920026153326,"y":0.8548259735107422,"z":-0.5211811661720276,"w":0.010475367307662964},"size":35.97489929199219,"orthographic":false}