{"cameraMode":{"drawMode":0,"name":"Shaded","section":"Shading Mode"},"sceneLighting":true,"audioPlay":false,"sceneViewState":{"m_AlwaysRefresh":true,"showFog":true,"showSkybox":true,"showFlares":true,"showImageEffects":true,"showParticleSystems":true,"showVisualEffectGraphs":true,"m_FxEnabled":true},"in2DMode":false,"pivot":{"x":-11.313980102539063,"y":2.6522836685180666,"z":-10.34347915649414},"rotation":{"x":-0.015318808145821095,"y":-0.8699522018432617,"z":0.4952284097671509,"w":-0.02765430510044098},"size":28.950969696044923,"orthographic":false}