{"cameraMode":{"drawMode":0,"name":"Shaded","section":"Shading Mode"},"sceneLighting":true,"audioPlay":false,"sceneViewState":{"m_AlwaysRefresh":true,"showFog":true,"showSkybox":true,"showFlares":true,"showImageEffects":true,"showParticleSystems":true,"showVisualEffectGraphs":true,"m_FxEnabled":true},"in2DMode":false,"pivot":{"x":-26.935956954956056,"y":25.241619110107423,"z":35.954864501953128},"rotation":{"x":-0.33423447608947756,"y":0.6553031206130981,"z":-0.39482545852661135,"w":-0.5525110960006714},"size":21.117416381835939,"orthographic":false}