{"cameraMode":{"drawMode":0,"name":"Shaded","section":"Shading Mode"},"sceneLighting":true,"audioPlay":false,"sceneViewState":{"m_AlwaysRefresh":true,"showFog":true,"showSkybox":true,"showFlares":true,"showImageEffects":true,"showParticleSystems":true,"showVisualEffectGraphs":true,"m_FxEnabled":true},"in2DMode":false,"pivot":{"x":-75.13545227050781,"y":-107.09609985351563,"z":25.38815689086914},"rotation":{"x":-0.014108321629464627,"y":0.7314508557319641,"z":-0.6834518909454346,"w":-0.014113795943558216},"size":94.02379608154297,"orthographic":false}