{"cameraMode":{"drawMode":0,"name":"Shaded","section":"Shading Mode"},"sceneLighting":true,"audioPlay":false,"sceneViewState":{"m_AlwaysRefresh":true,"showFog":true,"showSkybox":true,"showFlares":true,"showImageEffects":true,"showParticleSystems":true,"showVisualEffectGraphs":true,"m_FxEnabled":true},"in2DMode":false,"pivot":{"x":350.9814758300781,"y":265.0538330078125,"z":372.66864013671877},"rotation":{"x":0.018654074519872667,"y":-0.9788921475410461,"z":0.07737312465906143,"w":0.19577550888061524},"size":113.3805923461914,"orthographic":false}