{"cameraMode":{"drawMode":0,"name":"Shaded","section":"Shading Mode"},"sceneLighting":true,"audioPlay":false,"sceneViewState":{"m_AlwaysRefresh":true,"showFog":true,"showSkybox":true,"showFlares":true,"showImageEffects":true,"showParticleSystems":true,"showVisualEffectGraphs":true,"m_FxEnabled":true},"in2DMode":false,"pivot":{"x":-5.9836273193359379,"y":-27.89380645751953,"z":-10.09139633178711},"rotation":{"x":0.16174963116645814,"y":0.8386592268943787,"z":-0.36285313963890078,"w":0.37592750787734988},"size":63.355648040771487,"orthographic":false}