{"cameraMode":{"drawMode":0,"name":"Shaded","section":"Shading Mode"},"sceneLighting":true,"audioPlay":false,"sceneViewState":{"m_AlwaysRefresh":true,"showFog":true,"showSkybox":true,"showFlares":true,"showImageEffects":true,"showParticleSystems":true,"showVisualEffectGraphs":true,"m_FxEnabled":true},"in2DMode":false,"pivot":{"x":-70.37967681884766,"y":23.668296813964845,"z":43.92738723754883},"rotation":{"x":0.023919662460684778,"y":0.9090739488601685,"z":-0.41567185521125796,"w":0.0458354614675045},"size":38.61411666870117,"orthographic":false}