{"cameraMode":{"drawMode":0,"name":"Shaded","section":"Shading Mode"},"sceneLighting":true,"audioPlay":false,"sceneViewState":{"m_AlwaysRefresh":true,"showFog":true,"showSkybox":true,"showFlares":true,"showImageEffects":true,"showParticleSystems":true,"showVisualEffectGraphs":true,"m_FxEnabled":true},"in2DMode":false,"pivot":{"x":-51.869388580322269,"y":55.22345733642578,"z":52.96843719482422},"rotation":{"x":-0.020502347499132158,"y":0.8164584040641785,"z":-0.5785223245620728,"w":-0.026523232460021974},"size":0.9070207476615906,"orthographic":false}