{"cameraMode":{"drawMode":0,"name":"Shaded","section":"Shading Mode"},"sceneLighting":true,"audioPlay":false,"sceneViewState":{"m_AlwaysRefresh":true,"showFog":true,"showSkybox":true,"showFlares":true,"showImageEffects":true,"showParticleSystems":true,"showVisualEffectGraphs":true,"m_FxEnabled":true},"in2DMode":false,"pivot":{"x":-40.393917083740237,"y":54.698551177978519,"z":71.31526184082031},"rotation":{"x":0.0056985365226864819,"y":0.902210533618927,"z":-0.43418926000595095,"w":0.01662784442305565},"size":18.08272933959961,"orthographic":false}