{"cameraMode":{"drawMode":0,"name":"Shaded","section":"Shading Mode"},"sceneLighting":true,"audioPlay":false,"sceneViewState":{"m_AlwaysRefresh":true,"showFog":true,"showSkybox":true,"showFlares":true,"showImageEffects":true,"showParticleSystems":true,"showVisualEffectGraphs":true,"m_FxEnabled":true},"in2DMode":false,"pivot":{"x":14.210566520690918,"y":21.34760856628418,"z":-26.170574188232423},"rotation":{"x":-0.3915255665779114,"y":0.015006497502326966,"z":-0.009219402447342873,"w":-0.9210131168365479},"size":12.074605941772461,"orthographic":false}