{"cameraMode":{"drawMode":0,"name":"Shaded","section":"Shading Mode"},"sceneLighting":false,"audioPlay":false,"sceneViewState":{"m_AlwaysRefresh":true,"showFog":true,"showSkybox":false,"showFlares":true,"showImageEffects":true,"showParticleSystems":true,"showVisualEffectGraphs":true,"m_FxEnabled":true},"in2DMode":false,"pivot":{"x":0.5956491231918335,"y":1.809999942779541,"z":2.0933399200439455},"rotation":{"x":0.10974250733852387,"y":0.6795861721038818,"z":-0.09773898869752884,"w":0.7199395895004273},"size":1.2247449159622193,"orthographic":false}