{"cameraMode":{"drawMode":0,"name":"Shaded","section":"Shading Mode"},"sceneLighting":false,"audioPlay":false,"sceneViewState":{"m_AlwaysRefresh":true,"showFog":true,"showSkybox":false,"showFlares":true,"showImageEffects":true,"showParticleSystems":true,"showVisualEffectGraphs":true,"m_FxEnabled":true},"in2DMode":false,"pivot":{"x":0.5956491231918335,"y":2.940000057220459,"z":2.0933399200439455},"rotation":{"x":-0.016681548207998277,"y":0.835324227809906,"z":-0.5501812696456909,"w":-0.031730372458696368},"size":1.6606602668762208,"orthographic":false}