{"cameraMode":{"drawMode":0,"name":"Shaded","section":"Shading Mode"},"sceneLighting":false,"audioPlay":false,"sceneViewState":{"m_AlwaysRefresh":true,"showFog":true,"showSkybox":false,"showFlares":true,"showImageEffects":true,"showParticleSystems":true,"showVisualEffectGraphs":true,"m_FxEnabled":true},"in2DMode":false,"pivot":{"x":1038.488525390625,"y":1037.996826171875,"z":-62.14263916015625},"rotation":{"x":0.04954969510436058,"y":0.21951259672641755,"z":-0.012336778454482556,"w":0.9757109880447388},"size":236.47621154785157,"orthographic":false}